<?xml version="1.0" encoding="UTF-8"?>
<eml:eml xmlns:eml="eml://ecoinformatics.org/eml-2.1.1" xmlns:dc="http://purl.org/dc/terms/" xmlns:xsi="http://www.w3.org/2001/XMLSchema-instance" xsi:schemaLocation="eml://ecoinformatics.org/eml-2.1.1 http://rs.gbif.org/schema/eml-gbif-profile/1.0.1/eml.xsd" packageId="da4113a4-9454-4cee-bd83-88aee69098f8" system="http://symbiota.org" scope="system" xml:lang="eng"><dataset><alternateIdentifier>http://localhost/Symbiota/collections/misc/collprofiles.php?collid=17</alternateIdentifier><title xml:lang="eng">US Forest Service Southwestern Region</title><creator><organizationName>SEINet test portal</organizationName><electronicMailAddress>egbot@asu.edu</electronicMailAddress><onlineUrl>http://localhost/Symbiota/index.php</onlineUrl></creator><metadataProvider><organizationName>SEINet test portal</organizationName><electronicMailAddress>egbot@asu.edu</electronicMailAddress><onlineUrl>http://localhost/Symbiota/index.php</onlineUrl></metadataProvider><pubDate>2016-07-06</pubDate><language>eng</language><contact><individualName>Elizabeth Makings</individualName><organizationName>US Forest Service Southwestern Region</organizationName><phone></phone><electronicMailAddress>elizabeth.makings@asu.edu</electronicMailAddress><onlineUrl>http://www.fs.fed.us/r3/</onlineUrl></contact><associatedParty><individualName>Edward</individualName><role>CONTENT_PROVIDER</role></associatedParty><associatedParty><organizationName>US Forest Service Southwestern Region</organizationName><individualName>Elizabeth Makings</individualName><positionName>Collection Manager</positionName><role>CONTENT_PROVIDER</role><electronicMailAddress>elizabeth.makings@asu.edu</electronicMailAddress><phone></phone></associatedParty><intellectualRights><para>http://creativecommons.org/licenses/by-nc/3.0/</para></intellectualRights></dataset><additionalMetadata><metadata><symbiota><dateStamp>2016-07-06T11:50:00-07:00</dateStamp><citation identifier="077d0d45-c1b1-4ca3-9481-9dc0979d810a">SEINet test portal - 077d0d45-c1b1-4ca3-9481-9dc0979d810a</citation><physical><characterEncoding>UTF-8</characterEncoding><dataFormat><externallyDefinedFormat><formatName>Darwin Core Archive</formatName></externallyDefinedFormat></dataFormat></physical><collection identifier="471a2d28-58a6-4d0c-89eb-11a1b0ba58b2" id="17"><alternateIdentifier>http://localhost/Symbiota/collections/misc/collprofiles.php?collid=17</alternateIdentifier><parentCollectionIdentifier>TEUI</parentCollectionIdentifier><collectionIdentifier></collectionIdentifier><collectionName>US Forest Service Southwestern Region</collectionName><resourceLogoUrl>http://sernecportal.org/portal/images/collicons/usfs.jpg</resourceLogoUrl><onlineUrl>http://www.fs.fed.us/r3/</onlineUrl><intellectualRights>http://creativecommons.org/licenses/by-nc/3.0/</intellectualRights><abstract></abstract></collection></symbiota></metadata></additionalMetadata></eml:eml>
