coreid,identifiedBy,identifiedByID,dateIdentified,identificationQualifier,scientificName,tidInterpreted,identificationIsCurrent,scientificNameAuthorship,genus,specificEpithet,taxonRank,infraspecificEpithet,identificationReferences,identificationRemarks,recordId
5521152,"D Z Damrel",,11/2003,,"Trifolium mucronatum subsp. lacerum",,0,"(Greene) J. Gillett",,,,,,,urn:uuid:cf5d4aee-3d33-4ecb-acc4-67ea32217c0d
5521152,"E. Gilbert",,2015,,"Pinus arizonica",,0,Engelm.,,,,,,,urn:uuid:8a533bdb-03ad-4b1f-b29b-d911b9d13e29
5521152,"E. Gilbert",,2015,,"Pinus ponderosa subsp. arizonica",,0,"(Engelm.) E. Murr.",,,,,,,urn:uuid:1b651f1c-8e20-4e5b-a1ed-a640487c4dc5
5521152,"nomenclatural adjustment",,2016,,"Pinus ponderosa subsp. benthamiana",,1,,,,,,,,urn:uuid:8380d645-fa52-482f-93b7-e4e678787b09
274338,"assumed to be collector",,"assumed to be collection date",,"Goodyera repens",,0,"(L.) R. Br. ex Ait. f.",,,,,,,urn:uuid:6f197ba4-b903-4065-aef2-33737248ea43
274338,"R. Coleman",,"Oct 2013",,"Goodyera oblongifolia",,0,Raf.,,,,,,,urn:uuid:41d077a6-d9c4-4f4b-b362-6a318d8f1a9c
274341,"Glenn Rink",,12/28/2010,,"Carex rossii",,0,Boott,,,,,,,urn:uuid:4533c802-0c11-46af-9f7e-e97f2260ca95
274341,"Elizabeth Makings",,6/18/2007,,"Carex geophila",,0,,,,,,,,urn:uuid:4bf03546-dafe-4784-806c-86ae31db69df
274341,"G. Rink & M. Licher",,April-2014,,"Carex pityophila",,1,Mackenzie,,,,,,,urn:uuid:e81c4d07-e728-4801-ab15-4049b157f858
274341,"Glenn Rink",,unknown,,"Carex rossii",,0,Boott,,,,,,,urn:uuid:bea12762-fc33-49b2-94ec-5f86f9ba691e
274355,"R. J. Soreng",,5/27/2008,,"Poa pratensis",,0,L.,,,,,,,urn:uuid:c05b8de3-1921-42be-a174-b739a6ecee01
274355,"Elizabeth Makings",,6/18/2007,,"Poa compressa",,0,,,,,,,,urn:uuid:2ffbe556-d4c1-4d15-88b1-ea33e932201a
274364,"S. Darbyshire",,10/1/2010,,"Festuca saximontana",,0,Rydb.,,,,,,,urn:uuid:19df002f-e670-431a-87c2-c5d78b98014b
274364,"Elizabeth Makings",,6/19/2007,,"Festuca ovina",,0,,,,,,,,urn:uuid:5f16a11c-c7f1-4a01-84d2-2255a2e9fe72
274370,"R. J. Soreng",,5/27/2008,,"Poa pratensis",,0,L.,,,,,,,urn:uuid:ad452b47-d012-4f36-90d7-1de1d1d2701d
274370,"Elizabeth Makings",,6/20/2007,,"Poa compressa",,0,,,,,,,,urn:uuid:55496a77-8390-4e00-b63f-86d4c9d78e8e
274385,"Glenn Rink",,12/28/2010,,"Carex rossii",,0,Boott,,,,,,,urn:uuid:74da8aaf-3a51-44ae-9dcb-c93c3addc870
274385,"Elizabeth Makings",,6/21/2007,,"Carex geophila",,0,,,,,,,,urn:uuid:4748d138-875e-401d-a099-d69096a9601f
274385,"G. Rink & M. Licher",,April-2014,,"Carex inops ssp. heliophila",,1,"(Mackenzie) W.J.Crins",,,,,,,urn:uuid:8ac38c33-ab4b-4f79-b47b-ff6191d5573a
274385,"Glenn Rink",,unknown,,"Carex rossii",,0,Boott,,,,,,,urn:uuid:fc300ce7-9bc6-40e5-8788-5508c3c83948
274386,"Liz Makings",,1/7/2010,,"Besseya plantaginea",,0,"(James) Rydb.",,,,,,,urn:uuid:bd9d9517-d67f-4987-90db-b8a0899a01ee
274386,"Elizabeth Makings",,6/21/2007,,"Besseya arizonica",,0,,,,,,,,urn:uuid:d29bb7f6-52a9-4bdd-9c8d-33fa4f7a6112
274392,"S. Darbyshire",,10/1/2010,,"Festuca calligera",,0,"(Piper) Rydb.",,,,,,,urn:uuid:6d2cbeaa-e595-4415-85e4-35dee85fe8ff
274392,"Elizabeth Makings",,6/21/2007,,"Festuca idahoensis",,0,,,,,,,,urn:uuid:e325031f-6cd3-43b2-a14d-2c15c96b1780
274397,"G. Rink",,April-2014,,"Eriogonum arcuatum var. arcuatum",,1,"var. arcuatum",,,,,,,urn:uuid:2e230981-dd7e-442c-85ff-f4a1f61ee8e6
274397,"Liz Makings",,unknown,,"Eriogonum jamesii",,0,Benth.,,,,,,,urn:uuid:dde8ac30-ebbc-4b9f-b018-5dbdb607ef7e
274409,"G. Rink",,April-2014,,"Penstemon pseudoputus",,1,"(Crosswhite) N. Holmgren",,,,,,,urn:uuid:4bbfe168-6ef2-40fc-bcd0-2b865450d321
274409,"Liz Makings",,unknown,,"Penstemon virgatus",,0,Gray,,,,,,,urn:uuid:2f95f269-45e4-464d-b931-c85ac2900422
274422,"G. Rink",,April-2014,,"Boechera pendulina",,1,"(Greene) W.A. Weber",,,,,,,urn:uuid:e8771b38-86a2-41ee-8e75-d23a99852371
274422,"Liz Makings",,unknown,,"Arabis demissa",,0,Greene,,,,,,,urn:uuid:dc788988-bdcd-4bbf-bb36-f1882d64bdcc
274467,"G. Rink",,April-2014,,"Lupinus argenteus var. argenteus",,1,,,,,,,,urn:uuid:3b77673e-d21e-4b7f-a398-d0fced7d076f
274467,"Liz Makings",,unknown,aff.,"Lupinus caudatus",,0,Kellogg,,,,,,,urn:uuid:28d2b0a3-2cb3-4aad-bee9-55e79078a6e8
274488,"G. Rink",,April-2014,,"Lupinus kingii",,1,"S. Wats.",,,,,,,urn:uuid:326b76d4-228b-4777-b836-ccb4a7e5672a
274488,"Liz Makings",,unknown,cf.,"Lupinus brevicaulis",,0,"S. Wats.",,,,,,,urn:uuid:5a03d06b-7030-450f-acd8-0eb319b92aa6
274495,"G. Rink",,April-2014,,"Pseudognaphalium luteoalbum",,1,"(L.) Hilliard & Burtt",,,,,,,urn:uuid:5a62bf21-ca8d-4aa8-bf79-5db242451c4a
274495,"Liz Makings",,unknown,,"Pseudognaphalium luteoalbum",,0,"(L.) Hilliard & Burtt",,,,,,,urn:uuid:b71d283d-12e0-4692-a201-d35f39b8b1c7
274499,"G. Rink",,April-2014,,"Calochortus nuttallii",,1,"Torr. & A. Gray",,,,,,,urn:uuid:5c2c3c04-6d50-42c8-9128-496c9d75e70f
274499,"Liz Makings",,unknown,cf.,"Calochortus aureus",,0,"S. Wats.",,,,,,,urn:uuid:75dcd23a-1ce3-4cb2-b755-7c7fc904008d
274510,"Liz Makings",,6/21/2007,,"Poa compressa",,0,,,,,,,,urn:uuid:0c997a97-80b1-4a88-97e1-1dd45287fec0
274510,"Liz Makings",,7/7/2008,,"Poa pratensis",,0,L.,,,,,,,urn:uuid:39f87f0f-382d-4bd9-80f4-e560d525bb83
274528,"G. Rink",,April-2014,,"Penstemon pachyphyllus var. congestus",,1,"(M.E. Jones) N. Holmgren",,,,,,,urn:uuid:297fa35e-7312-4236-8839-1db225c7e005
274528,"Liz Makings",,unknown,,Penstemon,,0,Schmidel,,,,,,,urn:uuid:08f8fab9-d9f9-4ab4-ba18-37ab1a62e8bc
274567,"Elizabeth Makings",,10/10/2007,,"Muhlenbergia mexicana",,0,,,,,,,,urn:uuid:19e971a1-21be-460b-ba63-5070b1b36f81
274567,"Liz Makings",,2/10/2010,,"Muhlenbergia racemosa",,0,"(Michx.) B.S.P.",,,,,,,urn:uuid:9cf960c7-4d7e-4f89-93d9-ceb8cba6091f
274615,"R. J. Soreng",,11/1/2008,,"Poa pratensis",,0,L.,,,,,,,urn:uuid:67b34be5-f4a9-40e1-9377-3c5cf6603f61
274615,"Elizabeth Makings",,8/21/2007,,Poa,,0,,,,,,,,urn:uuid:5370f742-69a0-4086-8adf-1814c58d7ef4
273501,"Liz Makings",,1/12/2006,,"Eragrostis mexicana",,0,"(Hornem.) Link",,,,,,,urn:uuid:cf5093d8-9201-4828-aa26-406e8ef8687f
273501,"Elizabeth Makings",,9/7/2004,,"Eragrostis lutescens",,0,,,,,,,,urn:uuid:101c9010-6907-49e4-8b1d-0b7e64618b28
274673,"Liz Makings",,7/29/2008,,"Chenopodium fremontii",,0,"S. Wats.",,,,,,,urn:uuid:eab204b2-1a0e-4401-b85d-d8e8de80f5c3
274673,"Elizabeth Makings",,9/13/2007,,"Chenopodium berlandieri",,0,,,,,,,,urn:uuid:4c3393d2-8597-4170-a4a2-cdd972624961
274674,"Liz Makings",,7/29/2008,,"Erigeron oreophilus",,0,Greenm.,,,,,,,urn:uuid:cadaa912-0978-4b3a-a6f1-71209e189490
274674,"Elizabeth Makings",,9/13/2007,,"Erigeron neomexicanus",,0,,,,,,,,urn:uuid:0ab22c93-3bac-466c-bc6a-97b5c5078d33
274793,"Andrew Salywon",,12/1/2008,,"Physaria gooddingii",,0,"(Rollins & E. A. Shaw) O'Kane & Al-Shebbaz",,,,,,,urn:uuid:133e8f52-39de-4ebc-b4df-211bdd84eccf
274793,"Elizabeth Makings",,8/4/2008,,"Lesquerella gordonii",,0,,,,,,,,urn:uuid:3aed0ba6-be46-4bec-9542-14c0bcd2df7f
274898,"Liz Makings",,1/1/2010,,"Quercus grisea",,0,Liebm.,,,,,,,urn:uuid:dd6bd6fe-ca61-4da2-9317-d533bebf49e4
274898,"Elizabeth Makings",,11/19/2008,,"Quercus oblongifolia",,0,,,,,,,,urn:uuid:cb3eb6ff-da43-4cfc-9aef-99052ad3cee9
274930,"G. Imdorf",,10/10/1991,,"Echinochloa colona",,0,,,,,,,,urn:uuid:bbd8d3d7-05b2-49dd-84b4-bdeb585a78b5
274930,"D. Z. Damrel",,9/1/2003,,"Echinochloa colona",,0,"(L.) Link",,,,,,,urn:uuid:fa7f3090-7194-4002-b3ec-18754c18383d
274933,"G. Imdorf",,7/7/1992,,"Echinochloa crus-galli",,0,,,,,,,,urn:uuid:e1b38a1d-27b5-43dc-92a9-ebc734991c76
274933,"D. Z. Damrel",,9/1/2003,,"Echinochloa crus-galli",,0,"(L.) Beauv.",,,,,,,urn:uuid:0c8e1d0c-8228-411b-ae38-2a9deefe5e5a
274934,"G. Imdorf",,8/10/1992,,"Echinochloa crus-galli",,0,,,,,,,,urn:uuid:1f39e4e4-b5af-4579-b715-6f02fb466f42
274934,"D. Z. Damrel",,9/1/2003,,"Echinochloa crus-galli",,0,"(L.) Beauv.",,,,,,,urn:uuid:4bb1eaa1-9aab-430d-8414-f1c7378cac30
274935,"G. Imdorf",,7/31/1992,,"Echinochloa crus-galli",,0,,,,,,,,urn:uuid:19bbd752-90e7-4a1a-bbd6-f2230280e20c
274935,"D. Z. Damrel",,9/1/2003,,"Echinochloa crus-galli",,0,"(L.) Beauv.",,,,,,,urn:uuid:e4de0c5e-3902-481d-86a6-8aacf72d58d2
274958,"G. Imdorf",,5/28/1992,,"Elymus glaucus",,0,,,,,,,,urn:uuid:f537ad49-6642-4b22-bfe5-426bc3c73017
274958,"D. Z. Damrel",,9/1/2003,,"Elymus glaucus",,0,Buckl.,,,,,,,urn:uuid:b25a26e2-6344-43b2-b6ea-02a3660f159b
274981,Stott-Burraychak,,3/16/1973,,"Bromus catharticus",,0,,,,,,,,urn:uuid:94cfccac-dea3-46d5-af3a-6f5118986383
274981,"D.Z. Demrel",,8/1/2003,,"Bromus catharticus",,0,Vahl,,,,,,,urn:uuid:dd33075c-711a-4884-a8ed-8a2f5765a7ee
274984,"G. Imdorf",,5/28/1992,,"Bromus diandrus",,0,,,,,,,,urn:uuid:1e982fe7-4307-4ab0-8d96-49f08c6edfcd
274984,"D. Z. Damrel",,8/1/2003,,"Bromus diandrus",,0,Roth,,,,,,,urn:uuid:84ae8f93-0917-444a-91f6-d5c05b8b951e
275013,"W. E. Wiltbank",,3/31/1934,,"Hordeum pusillum",,0,,,,,,,,urn:uuid:18816a43-3555-479c-985c-54fd9ab66a48
275013,"D. Z. Damrel",,9/1/2003,,"Hordeum pusillum",,0,Nutt.,,,,,,,urn:uuid:298de843-002e-42a6-9644-9fb0533dfcff
275043,"G. Imdorf",,7/28/1992,,"Bromus tectorum",,0,,,,,,,,urn:uuid:9e38e2af-0b1c-4f07-85d9-26b0d2f1019e
275043,"D. Z. Damrel",,9/1/2003,,"Bromus tectorum",,0,L.,,,,,,,urn:uuid:aa17e937-cdd7-473e-bed1-d5b2937e228f
275046,"Robert V. Boyle",,7/16/1927,,"Buchloe dactyloides",,0,,,,,,,,urn:uuid:7d95a6ae-f9b2-4ee7-b0d0-e5bee3550c89
275046,"D. Z. Damrel",,9/1/2003,,"Buchloe dactyloides",,0,"(Nutt.) J. T. Columbus",,,,,,,urn:uuid:123933e3-b3f5-4112-8604-38ce44ef6dd4
275104,"D. Z. Damrel",,2/1/2004,,"Pleuraphis mutica",,0,Buckl.,,,,,,,urn:uuid:31fcd2ae-032b-4338-a6b8-cbab00fbb8f6
275104,"D. Z. Damrel",,8/26/1982,,"Hilaria mutica",,0,,,,,,,,urn:uuid:1885ec9f-274d-46e1-9697-78bcf5c50314
275106,"D. Z. Damrel",,3/1/2002,,"Pleuraphis mutica",,0,Buckl.,,,,,,,urn:uuid:7c6c8263-a1c3-40f6-a97b-d8f135b1e073
275106,"D. Z. Damrel",,8/26/1982,,"Hilaria mutica",,0,,,,,,,,urn:uuid:7624bc8d-3ec6-4d2e-bebf-a011db76df83
275112,"D. Z. Damrel",,11/4/1981,,"Digitaria californica",,0,,,,,,,,urn:uuid:678a2a4c-eb17-4913-a7a9-516e59cbf8e6
275112,"D. Z. Damrel",,3/1/2002,,"Digitaria californica",,0,"(Benth.) Henr.",,,,,,,urn:uuid:f2abbb1d-2929-438a-b326-6474d4dc650a
275113,"D. Z. Damrel",,3/1/2002,,"Digitaria californica",,0,"(Benth.) Henr.",,,,,,,urn:uuid:ee1cf230-a99f-4d8b-83dc-90b206a0cf28
275113,"D. Z. Damrel",,9/10/1982,,"Digitaria californica",,0,,,,,,,,urn:uuid:00ee0bf7-e247-4663-b3e6-718a9b25a68c
275114,"D. Z. Damrel",,7/28/1992,,"Digitaria sanguinalis",,0,,,,,,,,urn:uuid:594cbd89-f49d-4847-bbec-1c5a980dbf9e
275114,"D. Z. Damrel",,9/1/2003,,"Digitaria sanguinalis",,0,"(L.) Scop.",,,,,,,urn:uuid:9f0cf8bb-14d7-4c0f-a69a-0d23fed06a7d
275122,"D. Z. Damrel",,2/1/2002,,"Eragrostis lutescens",,0,Scribn.,,,,,,,urn:uuid:6e6d9a6d-9e95-450e-9886-658a28595760
275122,"P. Fenner",,8/26/1982,,"Eragrostis lutescens",,0,,,,,,,,urn:uuid:e171ea5e-f750-4c24-adfc-e57cf0d1b7c6
275124,"D. Z. Damrel",,10/9/2003,,"Eragrostis mexicana",,0,,,,,,,,urn:uuid:76d08c50-0a8f-4039-8050-8e3206cd7d4d
275124,"Liz Makings",,2/10/2010,,"Eragrostis pectinacea var. pectinacea",,0,"(Michx.) Nees ex Steud.",,,,,,,urn:uuid:b41fdccf-1a57-4336-82d2-7c1903c5be74
275126,"J. Reeder",,10/1/2003,,"Eragrostis mexicana",,0,"(Hornem.) Link",,,,,,,urn:uuid:7d319eb3-34a8-4139-9f1c-12b221862a59
275126,"D. Z. Damrel",,8/28/2003,,"Eragrostis lutescens",,0,,,,,,,,urn:uuid:84994f78-8cd3-45b2-8112-aff5a96d6e6d
275128,"D. Z. Damrel",,1/1/2004,,"Eragrostis mexicana",,0,"(Hornem.) Link",,,,,,,urn:uuid:a468a49e-a726-43cc-a6fa-024f30b7d5ee
275128,"D. Z. Damrel",,9/4/2002,,"Eragrostis lutescens",,0,,,,,,,,urn:uuid:a44d4040-f15d-46c5-ab85-68db594bf647
275129,"D. Z. Damrel",,1/1/2004,,"Eragrostis mexicana",,0,"(Hornem.) Link",,,,,,,urn:uuid:0ed9b1fa-2a4a-4d2e-a022-f0533bf3b7af
275129,"D. Z. Damrel",,9/3/2002,,"Eragrostis barrelieri",,0,,,,,,,,urn:uuid:098fb496-c122-4835-b385-03370569dafd
275130,"D. Z. Damrel",,1/1/2004,,"Eragrostis mexicana",,0,"(Hornem.) Link",,,,,,,urn:uuid:d177842e-9fb7-42ef-b5a0-53a055886707
275130,"D. Z. Damrel",,8/22/2002,,"Eragrostis lutescens",,0,,,,,,,,urn:uuid:9cf6de55-9f32-432e-afc6-9c19523972ee
275131,"D. Z. Damrel",,1/1/2004,,"Eragrostis mexicana",,0,"(Hornem.) Link",,,,,,,urn:uuid:efd6ebcb-0efb-4295-b2f3-b810d1293be7
275131,"D. Z. Damrel",,8/28/2002,,"Eragrostis lutescens",,0,,,,,,,,urn:uuid:b8f4a9bd-41c1-4c82-a096-b6fb4b5fb748
275132,"D. Z. Damrel",,1/1/2004,,"Eragrostis mexicana",,0,"(Hornem.) Link",,,,,,,urn:uuid:f0ec3e4a-91e9-4592-8782-8a60d99c85e4
275132,"D. Z. Damrel",,8/22/2002,,"Eragrostis barrelieri",,0,,,,,,,,urn:uuid:c15073f1-b194-49a2-be2c-46a73cbcd457
275133,"D. Z. Damrel",,1/1/2004,,"Eragrostis mexicana",,0,"(Hornem.) Link",,,,,,,urn:uuid:acce75a4-fbff-423e-ab0d-75af7de85cb2
275133,"D. Z. Damrel",,8/28/2002,,"Eragrostis lutescens",,0,,,,,,,,urn:uuid:691d79b3-1fe0-4df3-8687-c97b47d7ea99
275134,"D. Z. Damrel",,1/1/2004,,"Eragrostis mexicana",,0,"(Hornem.) Link",,,,,,,urn:uuid:0793cb41-e389-45e6-9fc8-f9edd7b824d4
275134,"D. Z. Damrel",,9/18/2002,,"Eragrostis lutescens",,0,,,,,,,,urn:uuid:5860a491-1aee-48b2-8d65-8d558e4707de
275135,"D. Z. Damrel",,1/1/2004,,"Eragrostis mexicana",,0,"(Hornem.) Link",,,,,,,urn:uuid:09e05b07-19ef-471b-b449-ed63771ad502
275135,"D. Z. Damrel",,9/4/2002,,"Eragrostis lutescens",,0,,,,,,,,urn:uuid:f4971d8e-038e-4cc1-a9cd-daf72bec2f74
275136,"D. Z. Damrel",,1/1/2004,,"Eragrostis mexicana",,0,"(Hornem.) Link",,,,,,,urn:uuid:f945c75d-600e-4171-9657-9d32401f01bf
275136,"D. Z. Damrel",,8/28/2002,,"Eragrostis lutescens",,0,,,,,,,,urn:uuid:88c0ec95-4a20-4818-99fd-f13185a15aa8
275137,"D. Z. Damrel",,1/1/2004,,"Eragrostis mexicana",,0,"(Hornem.) Link",,,,,,,urn:uuid:34361fc6-cb47-42d8-b60f-588dea6fbebf
275137,"D. Z. Damrel",,9/11/2002,,"Eragrostis lutescens",,0,,,,,,,,urn:uuid:55550b99-fff0-4cdb-b649-a1f5d24d824f
275138,"D. Z. Damrel",,1/1/2004,,"Eragrostis mexicana",,0,"(Hornem.) Link",,,,,,,urn:uuid:b3259527-d167-4a5a-815a-e07f21eaa642
275138,"D. Z. Damrel",,8/28/2002,,"Eragrostis lutescens",,0,,,,,,,,urn:uuid:a6a14699-e199-4140-817a-53821803a439
275139,"D. Z. Damrel",,1/1/2004,,"Eragrostis mexicana",,0,"(Hornem.) Link",,,,,,,urn:uuid:0a0db9c0-9af2-4561-a87c-bb57c5a375a1
275139,"Robert Thompson",,9/29/1917,,"Eragrostis mexicana",,0,,,,,,,,urn:uuid:57d3c9f1-f7b2-4cab-96a2-bde7bcf642f6
275144,"Liz Makings",,2/10/2010,,"Eragrostis mexicana",,0,"(Hornem.) Link",,,,,,,urn:uuid:cb9ee4b1-d66d-4b22-b52e-5c1f8426a1a4
275144,"D. Z. Damrel",,8/1/1999,,"Eragrostis pectinacea",,0,,,,,,,,urn:uuid:0208e0b1-a118-4ce5-8e62-dfcf4cf141d5
275155,"D. Z. Damrel",,2/1/2004,,"Leptochloa fusca ssp. uninervia",,0,"(J. Presl) N. Snow",,,,,,,urn:uuid:c064881e-5970-4df8-8fd2-e8fcc32a1069
275155,"D. Z. Damrel",,7/22/1934,,Leptochloa,,0,,,,,,,,urn:uuid:8fd0bfa9-e408-42d9-b785-4bf81a9e0317
275158,"D. Z. Damrel",,3/1/2002,,"Leptochloa panicea ssp. brachiata",,0,"(Steudl.) N. Snow",,,,,,,urn:uuid:03e38bbd-3d55-4077-a267-cf76ac16da7c
275158,"K. Rodgers",,8/12/1980,,"Leptochloa filiformis",,0,,,,,,,,urn:uuid:be499636-e956-476f-8a0e-a1e5c793daff
275165,"D. Z. Damrel",,3/1/2000,,"Leptochloa panicea ssp. brachiata",,0,"(Steudl.) N. Snow",,,,,,,urn:uuid:90f608dd-3415-4d89-bfaa-029064ebfecf
275165,"D. Z. Damrel",,9/26/1996,,"Leptochloa panicea ssp. brachiata",,0,,,,,,,,urn:uuid:dc4884fe-afcc-4d34-a4d9-5e04baf69d78
275166,"D. Z. Damrel",,3/1/2000,,"Leptochloa panicea ssp. brachiata",,0,"(Steudl.) N. Snow",,,,,,,urn:uuid:a80d05f9-fda2-4804-8500-c9d1bf3fcacc
275166,"D. Z. Damrel",,9/18/1996,,"Leptochloa panicea ssp. brachiata",,0,,,,,,,,urn:uuid:a1f6d6f1-6b74-414b-bdb6-ee44342a9d70
275170,"D. Z. Damrel",,8/27/1927,,"Monroa squarrosa",,0,,,,,,,,urn:uuid:30ca9882-1943-4068-9945-7bb43bf44ed3
275170,"D. Z. Damrel",,9/1/2003,,"Monroa squarrosa",,0,"(Nutt.) Torr.",,,,,,,urn:uuid:545d7975-f01d-4729-9a69-ecdc5a22a52d
275178,"R. K. Gierisch",,10/13/1976,,"Muhlenbergia porteri",,0,,,,,,,,urn:uuid:684a8633-b558-4698-9538-4f775c4f7057
275178,"D. Z. Damrel",,9/1/2003,,"Muhlenbergia porteri",,0,"Scribn. ex Beal",,,,,,,urn:uuid:961ddef5-4b1a-4be9-b6dc-eab9a67a72de
275185,"D. Z. Damrel",,2/1/2004,,"Muhlenbergia sinuosa",,0,Swallen,,,,,,,urn:uuid:7e103ee8-7411-453d-9333-17778a9b9114
275185,"G. Imdorf",,7/28/1992,,"Muhlenbergia sinuosa",,0,,,,,,,,urn:uuid:e4aa970a-b9e8-4b6e-93c8-709050fdbbe6
275208,"G. Imdorf",,7/1/1992,,"Panicum capillare",,0,,,,,,,,urn:uuid:a0c15e7c-ecbb-4f26-9d4a-c55ca56bcdee
275208,"D. Z. Damrel",,9/1/2003,,"Panicum capillare",,0,L.,,,,,,,urn:uuid:6603661d-363e-4d68-af2e-df6d1ea12a4b
275209,"G. Imdorf",,7/31/1992,,"Panicum capillare",,0,,,,,,,,urn:uuid:dadec789-44aa-4cd0-b04b-291ad13b43db
275209,"D. Z. Damrel",,9/1/2003,,"Panicum capillare",,0,L.,,,,,,,urn:uuid:a783b8f7-d2c6-43bf-9cec-79b43bd0171f
275248,"R. J. Poreng",,12/1/1986,,"Poa fendleriana ssp. longiligula",,0,"(Scribn. & Williams) Soreng",,,,,,,urn:uuid:84ec7ce7-5567-4589-9a3d-77da4a908afc
275248,"E. L. Little, Jr.",,5/12/1937,,"Poa fendleriana",,0,,,,,,,,urn:uuid:b1b6e6a6-4e7d-4b03-bc9c-c61b9f944145
275254,"G. Imdorf",,6/1/1992,,"Polypogon monspeliensis",,0,,,,,,,,urn:uuid:6ae6913a-13eb-4bd4-9097-dd9b2c0d8e50
275254,"D. Z. Damrel",,9/1/2003,,"Polypogon monspeliensis",,0,"(L.) Desf.",,,,,,,urn:uuid:e890fdd1-9a2f-470f-9eb1-c682777efe5a
275257,"D. Z. Damrel",,2/1/2004,,"Polypogon monspeliensis",,0,"(L.) Desf.",,,,,,,urn:uuid:b9988539-7ea4-4ff1-b2bd-e4f13b730a6d
275257,"G. Imdorf",,6/2/1992,,"Polypogon monspeliensis",,0,,,,,,,,urn:uuid:c41852d0-cdab-4596-9b9a-b50bd961313a
275271,"D. Z. Damrel",,8/1/2001,,"Schizachyrium scoparium",,0,,,,,,,,urn:uuid:858ba3bc-4a84-4200-8658-30f3c93d8af7
275271,"Liz Makings",,8/1/2009,,"Schizachyrium cirratum",,0,"(Hack.) Woot. & Standl.",,,,,,,urn:uuid:6e152d8d-c6b7-48cb-a6bb-b48efffc31bd
275272,"D. Z. Damrel",,10/15/1999,,"Schizachyrium scoparium",,0,,,,,,,,urn:uuid:bac18969-0d90-41b9-b624-2b87b6a7eb80
275272,"Liz Makings",,8/1/2009,,"Schizachyrium cirratum",,0,"(Hack.) Woot. & Standl.",,,,,,,urn:uuid:d3edfa3e-88d6-44ca-8237-f3e57f3ac3c7
275311,"P. Boness",,8/1/2003,,"Thinopyrum ponticum",,0,,,,,,,,urn:uuid:a4c20e51-09a2-4c96-8be8-94a66d64c5d0
275311,"C. G. Reeder",,9/1/2003,,Thinopyrum,,0,,,,,,,,urn:uuid:84966f47-d37a-4f5c-abc6-cee2e89818ab
275313,"D. Pollock",,11/29/1983,,"Tridens muticus",,0,,,,,,,,urn:uuid:7951a399-ea0a-4f1c-8ef4-20924d04730e
275313,"D. Z. Damrel",,9/1/2003,,"Tridens muticus",,0,"(Torr.) Nash",,,,,,,urn:uuid:6d5c72e6-1b70-4237-b47a-952389d97788
275326,"D. Z. Damrel",,2/1/2000,,"Urochloa arizonica",,0,"(Scribn. & Merr.) O. Morrone & F. Zuloaga",,,,,,,urn:uuid:67f455cf-a163-4ebf-9cf4-fc9b96397c72
275326,"D. Z. Damrel",,8/20/1996,,"Brachiaria arizonica",,0,,,,,,,,urn:uuid:3bb417fb-e351-4860-ba84-58579b306eb5
275327,"D. Z. Damrel",,2/1/2000,,"Urochloa arizonica",,0,"(Scribn. & Merr.) O. Morrone & F. Zuloaga",,,,,,,urn:uuid:5e0300d8-d77d-436a-b3cc-3ca2ef3bf768
275327,"D. Z. Damrel",,8/26/1996,,"Brachiaria arizonica",,0,,,,,,,,urn:uuid:bdc26313-5324-4e4f-8add-a28c332e2911
275328,"D. Z. Damrel",,2/1/2000,,"Urochloa arizonica",,0,"(Scribn. & Merr.) O. Morrone & F. Zuloaga",,,,,,,urn:uuid:408ad0dc-f082-471c-8314-ff6440891fa9
275328,"D. Z. Damrel",,8/13/1996,,"Brachiaria arizonica",,0,,,,,,,,urn:uuid:8450bf38-33fa-4004-82bc-39c003cdf879
275329,"D. Z. Damrel",,2/1/2000,,"Urochloa arizonica",,0,"(Scribn. & Merr.) O. Morrone & F. Zuloaga",,,,,,,urn:uuid:cac5f16d-2513-489c-b914-d9e1ca882ab9
275329,"D. Z. Damrel",,8/28/1996,,"Brachiaria arizonica",,0,,,,,,,,urn:uuid:b51e840f-9c36-47de-8a9a-c2c0c14fd005
275337,"D. Z. Damrel",,3/1/2002,,"Acer grandidentatum",,0,Nutt.,,,,,,,urn:uuid:cded91e7-6586-4bc0-bcad-f5715c52f4ee
275337,McCulloch,,6/13/1953,,"Acer grandidentatum",,0,,,,,,,,urn:uuid:e903cd09-54ca-49a0-8ae9-5ab79ed8dde7
275344,"D. Z. Damrel",,3/1/2002,,"Alnus oblongifolia",,0,Torr.,,,,,,,urn:uuid:696dce61-44a1-4cae-98f3-6d31a8b30023
275344,"C. McCulloch",,6/29/1953,,"Alnus oblongifolia",,0,,,,,,,,urn:uuid:dbbec1dd-d6ca-4b84-9295-aae07e571293
275358,"R. F. C.",,1/20/1927,,"Cupressus glabra",,0,,,,,,,,urn:uuid:b85684b0-121b-405c-9323-cd5f09837b7f
275358,"D. Z. Damrel",,4/1/2002,,"Cupressus arizonica",,0,Greene,,,,,,,urn:uuid:369f53f5-33be-4eca-870c-91bdb0464e46
275389,"D. Z. Damrel",,2/1/2004,,"Quercus emoryi",,0,Torr.,,,,,,,urn:uuid:c9271523-43fc-4b31-b1ac-46085231d96a
275389,"G. Imdorf",,7/28/1992,,"Quercus emoryi",,0,,,,,,,,urn:uuid:fe484dbb-2ad0-450f-a7ee-e18e5ca78397
275390,"D. Z. Damrel",,2/1/2004,,"Quercus emoryi",,0,Torr.,,,,,,,urn:uuid:5f05110f-0e28-479a-8160-31b39e8f632b
275390,"G. Imdorf",,7/28/1992,,"Quercus emoryi",,0,,,,,,,,urn:uuid:8f5ebe75-0d4f-48bb-92c4-55496e7e9a77
275395,"C. R. C.",,10/23/1926,,"Quercus arizonicus",,0,,,,,,,,urn:uuid:8623c65b-db58-4c1c-994c-27358c3b30b5
275395,"D. Z. Damrel",,9/1/2003,,"Quercus grisea",,0,Liebm.,,,,,,,urn:uuid:d7c64e66-f546-4c7f-8505-7507fd7c31f7
275398,"A. H. Read",,10/4/1914,,"Quercus grisea",,0,,,,,,,,urn:uuid:8b5edbee-089a-4dda-af2e-90cc6c28b1e9
275398,"D. Z. Damrel",,4/1/2002,,"Quercus grisea",,0,Liebm.,,,,,,,urn:uuid:3afe7e5f-6be5-4de1-b504-367e9a2437fc
275399,"D. Z. Damrel",,4/1/2002,,"Quercus grisea",,0,Liebm.,,,,,,,urn:uuid:ceec41a8-9022-44d7-9f44-8570546393a0
275399,"G. Imdorf",,7/29/1992,,"Quercus grisea",,0,,,,,,,,urn:uuid:4168a615-407b-48cc-a489-9dd628a62287
275402,"D. Z. Damrel",,2/1/2004,,"Quercus emoryi",,0,Torr.,,,,,,,urn:uuid:51df4d7e-d589-4cb2-b63c-abee5586e4fe
275402,"D. Z. Damrel",,3/31/2001,,"Quercus hypoleucoides",,0,,,,,,,,urn:uuid:0a88dcbe-b1dd-4842-8502-56cbcc373743
275452,"D. Z. Damrel",,3/1/2002,,"Salix laevigata",,0,Bebb,,,,,,,urn:uuid:07ffafcc-becf-4a4c-8425-6a31344361d6
275452,"D. Z. Damrel",,4/13/1994,,"Salix gooddingii",,0,,,,,,,,urn:uuid:c4640928-4a20-4906-9984-1dfae366af12
275456,"J. S. Horton",,12/1/1974,,"Tamarix chinensis",,0,Lour.,,,,,,,urn:uuid:a1069b1c-bdcd-4e46-857e-cc385bc0ad5a
275456,"J. S. Horton",,5/6/1966,,"Tamarix ramosissima",,0,,,,,,,,urn:uuid:50e04d0b-a537-4d4c-b617-af120e789d2f
1916307,"Liz Makings",,8/24/2010,,"Scutellaria potosina ssp. platyphylla",,0,Epling,,,,,,,urn:uuid:616ca472-0e46-448f-ac5d-5ba89e294709
1916312,"Liz Makings",,1/15/2010,,"Sarcostemma crispum",,0,Benth.,,,,,,,urn:uuid:2cda000d-296d-4f29-8009-03d5c59c2c3a
1916348,"L. R. Landrum",,1/6/2010,,"Quercus emoryi",,0,Torr.,,,,,,,urn:uuid:8ccb6094-fb45-465f-b44d-9085dc152861
1916348,"Pat Boness",,5/21/2009,,Plantae,,0,,,,,,,,urn:uuid:3d078505-6470-48c5-9d20-67c0261bab5f
1916349,"Liz Makings",,"Dec 2014",,"Cyperus michelianus",,1,"(L.) Link",,,,,,,urn:uuid:fc3e0cd1-6f26-438b-b992-c0ed761d85b8
1916349,"Liz Makings",,unknown,,"Cyperus pygmaeus",,0,Rottb.,,,,,,,urn:uuid:2dcbc7b7-d765-4dac-b5bd-300d30e6840e
1916357,"Robert J. Soreng, 2010",,2/4/2010,,"Poa pratensis",,0,L.,,,,,,,urn:uuid:8ac61b6e-b34d-4f4e-a19f-5c38733ccd3b
1916357,"Elizabeth Makings",,6/17/2009,,"Poa fendleriana",,0,,,,,,,,urn:uuid:f802eef3-e2c5-473b-81d3-a9aa8b875ae1
1916358,"Liz Makings",,1/7/2010,,Poa,,0,L.,,,,,,,urn:uuid:7e82bdbc-51d0-4ecf-909c-72a727fa4f2e
1916358,"Robert J. Soreng, 2010",,2/4/2010,,"Poa pratensis",,0,L.,,,,,,,urn:uuid:3d841264-d667-494d-bdf8-47711e6dafa7
1916358,"Elizabeth Makings",,6/17/2009,,"Poa interior",,0,,,,,,,,urn:uuid:09c8b3f6-26b6-44b0-9744-4b1dd3277320
1916373,"Liz Makings",,1/7/2010,,Poa,,0,L.,,,,,,,urn:uuid:eb0e14f8-2f94-4336-8d8f-2b0c6293cfa1
1916373,"Robert J. Soreng, 2010",,2/4/2010,,"Poa leptocoma",,0,Trin.,,,,,,,urn:uuid:2c21ff4d-8d48-42f5-a764-5810d46a9150
1916373,"Elizabeth Makings",,6/19/2009,,"Poa nervosa",,0,,,,,,,,urn:uuid:a9ee377c-5252-4fa4-8a21-ba218b226e05
1916375,"G. Rink & M. Licher",,April-2014,aff,"Carex microptera",,1,Mackenzie,,,,,,probably,urn:uuid:0a400d51-de37-456e-a49c-d618157e1910
1916375,unknown,,unknown,,Carex,,0,L.,,,,,,,urn:uuid:76b6178b-8065-4e5c-8fe7-c0237e5bd480
1916437,"Liz Makings",,"assumed to be collection date",,"Verbesina longifolia",,0,"(Gray) Gray",,,,,,,urn:uuid:67e56784-a768-4d83-b8c1-dc323096f410
1916437,"R. Coleman",,"Oct 2013",,"Hexalectris arizonica",,0,"(S. Watson) A.H. Kennedy & L.E. Watson",,,,,,,urn:uuid:ddd46d20-e881-411b-b9cf-01e058298264
1916457,"assumed to be collector",,"assumed to be collection date",,"Cryptantha barbigera",,0,"(Gray) Greene",,,,,,,urn:uuid:42f52f2f-ca87-4dc5-9285-d0b4d447a826
1916457,"Liz Makings",,"July 2011",,"Cryptantha decipiens",,0,"(M.E. Jones) Heller",,,,,,,urn:uuid:6c915eeb-41b2-4db2-9656-80ef27fb546d
1916475,"Liz Makings",,"Dec 2014",,"Matelea parvifolia",,1,"(Torr.) Woods.",,,,,,,urn:uuid:fcaac37a-dc0f-46c1-b70f-00ccb932a862
1916475,unknown,,unknown,,"Matelea parviflora",,0,"(Torr.) Woods.",,,,,,,urn:uuid:3d8978de-9395-4f44-aeff-9c7b0a556032
1916552,"assumed to be collector",,"assumed to be collection date",,"Verbesina rothrockii",,0,"Robins. & Greenm.",,,,,,,urn:uuid:2017f40e-19d8-4bee-b560-26564f1f0a01
1916552,"Liz Makings",,"Nov 2012",,"Lasianthaea podocephala",,0,"(A. Gray) K. Becker",,,,,,,urn:uuid:8bcf088e-e246-4825-90cd-5cb511ef8ac1
1916609,"Liz Makings",,11/23/2010,,"Evolvulus arizonicus",,0,Gray,,,,,,,urn:uuid:f891ecbe-564a-4825-8e4b-157597cd395f
1916609,"Liz Makings",,6/16/2010,,"Evolvulus alsinoides",,0,,,,,,,,urn:uuid:0604cb47-c287-47fb-9251-0f81dc5c2795
1916626,"Liz Makings",,1/1/2011,,"Indigofera sphaerocarpa",,0,Gray,,,,,,,urn:uuid:f6371e13-21a8-451b-be53-b1d7da2097ed
1916626,"Liz Makings",,6/16/2010,,Fabaceae,,0,,,,,,,,urn:uuid:db3e38b2-b882-4545-a16d-a65db6b5a3f8
273672,"R. J. Soreng",,11/1/2008,,"Poa palustris",,0,L.,,,,,,,urn:uuid:677b3e79-c28b-4213-916e-a251dfda0ab9
1916852,"Liz Makings",,"Dec 2014",,"Cyperus michelianus",,1,"(L.) Link",,,,,,,urn:uuid:d0c110c9-57bb-4ecf-9b2c-3cbae8caa61f
1916852,"Liz Makings, May 2007",,unknown,,"Cyperus pygmaeus",,0,Rottb.,,,,,,,urn:uuid:007796f3-c243-4294-a803-d5b609613c3d
273740,"Liz Makings",,4/20/2010,,"Cryptantha crassisepala",,0,"(Torr. & Gray) Greene",,,,,,,urn:uuid:1cf20b82-25eb-469f-9f66-c5416383a953
273740,"Elizabeth Makings",,4/8/2005,,"Cryptantha barbigera",,0,,,,,,,,urn:uuid:0d78cb77-aac3-4449-9d0f-67894ed3b028
273887,"Elizabeth Makings",,10/5/2005,,Asteraceae,,0,,,,,,,,urn:uuid:126d0128-804e-4947-8731-9caafdabf7e5
273887,"Liz Makings",,8/29/2007,,"Lactuca serriola",,0,L.,,,,,,,urn:uuid:f4f1b2c5-0dc2-4051-b66d-f39fd3858fb8
273895,"Elizabeth Makings",,10/5/2005,,"Euphorbia dentata",,0,,,,,,,,urn:uuid:f0cc55b8-e05e-449f-bef2-67d74c9c7f60
273895,"Liz Makings",,4/7/2009,,"Euphorbia cuphosperma",,0,"(Engelm.) Boiss.",,,,,,,urn:uuid:e9f98bbc-fe67-4031-8dc4-195e0f3bf017
273968,"G. Rink & M. Licher",,April-2014,,"Carex petasata",,1,Dewey,,,,,,,urn:uuid:7531a228-dc54-4e03-879e-6967a7c4f1bb
273968,unknown,,unknown,,"Carex xerantica",,0,Bailey,,,,,,,urn:uuid:b9e5df3a-895e-4ff4-b4a2-4789eb4c44cd
273451,"Elizabeth Makings",,"assumed to be collection date",,"Platanthera sparsiflora",,0,"(S. Wats.) Schlechter",,,,,,,urn:uuid:63b0b1aa-618e-40e2-8dfe-8d782eff51fd
273451,"R. Coleman",,"Oct 2013",,"Epipactis gigantea",,0,"Dougl. ex Hook.",,,,,,,urn:uuid:095c8a15-f49c-4112-8817-9fd7cedb2e7d
273393,"Elizabeth Makings",,4/4/2004,,"Vulpia microstachys var. pauciflora",,0,,,,,,,,urn:uuid:e928ccf6-8344-46ea-be3d-e69199941d63
273393,"Liz Makings",,6/1/2010,,"Vulpia octoflora",,0,"(Walt.) Rydb.",,,,,,,urn:uuid:0d5cbda2-f55b-4e42-92cd-9bb996d5dc4b
273382,"assumed to be collector",,"assumed to be collection date",,"Hedeoma nana",,0,"(Torr.) Briq.",,,,,,,urn:uuid:0bf9624a-9182-4ce4-928b-7162ac3cd660
273382,"J. Donald & T. Ayers",,"May 2009",,"Hedeoma oblongifolia",,0,"A. Heller",,,,,,,urn:uuid:5734441d-8965-46df-9c59-1010cc00d1b6
274136,"G. Rink & M. Licher",,04-Jan-2011,,"Carex praegracilis",,0,"W. Boott",,,,,,,urn:uuid:1fde8b06-d6f0-4e8b-825b-5bd031ac134b
274136,"assumed to be collector",,"assumed to be collection date",,"Carex praegracilis",,0,"W. Boott",,,,,,,urn:uuid:8cd139d6-22eb-4240-bbe2-2a2dfbc5fce6
274162,"G. Rink & M. Licher",,April-2014,,"Carex subfusca",,1,"W. Boott",,,,,,,urn:uuid:e7fb8929-79fc-4224-9a06-8884684670c1
274162,unknown,,unknown,,Carex,,0,L.,,,,,,,urn:uuid:0e3765c4-2411-40a5-b474-05df9fb43939
274216,"Liz Makings",,5/24/2007,,"Festuca sororia",,0,Piper,,,,,,,urn:uuid:be63ba55-6b89-46ff-b01b-254c48ef8cda
274216,"Elizabeth Makings",,8/21/2006,,Bromus,,0,,,,,,,,urn:uuid:065cb47a-bc23-4437-b546-d0a8594425b9
274222,"R. J. Soreng",,11/1/2008,,"Poa occidentalis",,0,Vasey,,,,,,,urn:uuid:651c8ca0-6b0a-4984-a762-46cba9c154f3
274222,"Elizabeth Makings",,8/21/2006,,"Poa palustris",,0,,,,,,,,urn:uuid:5201589a-13c0-4f2b-bd88-9e641868ede6
274231,"G. Rink & M. Licher",,April-2014,,"Carex petasata",,1,Dewey,,,,,,,urn:uuid:62a1db1e-2241-4626-abe4-94def0c03a7d
274231,unknown,,unknown,,"Carex xerantica",,0,Bailey,,,,,,,urn:uuid:3ea7ce80-f09c-4085-acc9-6ac4149f0b7d
274253,"Liz Makings",,2/9/2010,,"Poa pratensis",,0,L.,,,,,,,urn:uuid:4dcc3138-548c-4813-864a-5ef29dcfbc5a
274282,"G. Rink & M. Licher",,04-Jan-2011,,"Carex praegracilis",,0,"W. Boott",,,,,,,urn:uuid:8da44983-df0b-4192-8769-1513e533f996
274282,"Liz Makings",,"assumed to be collection date",,"Carex praegracilis",,0,"W. Boott",,,,,,,urn:uuid:6f9fa7fb-961c-4c45-842f-54618b93f7f8
274285,"Liz Makings",,1/12/2010,,"Carex senta",,0,Boott,,,,,,,urn:uuid:001d4969-649a-46c6-bb31-66d0eb164413
274285,"Liz Makings",,8/31/2004,,"Carex nebrascensis",,0,,,,,,,,urn:uuid:886eb51c-ce8c-4f40-85f0-fe047d020e44
274321,"Stephen Darbyshire",,10/1/2010,,"Festuca idahoensis",,0,Elmer,,,,,,,urn:uuid:4874d027-51cc-475e-a573-0e9168bce3b0
274321,"Liz Makings",,5/10/2007,,"Festuca idahoensis",,0,,,,,,,,urn:uuid:cfba41d5-bb3e-4a5e-b009-71e8b3e7cb25
